{
   "regions":{
      "shelf-corner":{
         "origin":[
            -0.509999999999999,
            1.0500015258789062
         ],
          "access":[
              1.6000000000000014,
              2.4,
              0
          ],
         "dimension":16,
         "resolution":0.201875
      },
      "desktop-corner":{
         "origin":[
            2.6500000000000004,
            0.20000152587890696
         ],
          "access":[
              3.40,
              0.70,
              0
          ],
         "dimension":16,
         "resolution":0.24687499999999996
      },
      "table-area":{
         "origin":[
            2.5,
            -3.8999984741210936
         ],
          "access": [
              4.20,
              -0.849,
              0
          ],
         "dimension":16,
         "resolution":0.2250000000000001
      },
      "whiteboard-area":{
         "origin":[
            -1.65,
            -1.799998474121094
         ],
          "access": [
              0.75,
              -0.1999999999999993,
              0
          ],
         "dimension":16,
         "resolution":0.2002500000000006
      }
   }
}
