{
    "nodes":{
        "0":{
            "th":0,
            "x":1.6000000000000014,
            "y":2.4
        },
        "1":{
            "th":0,
            "x":0.5500000000000007,
            "y":2.3500000000000014
        },
        "2":{
            "th":0,
            "x":0.7500000000000007,
            "y":3.23
        },
        "3":{
            "th":0,
            "x":2.1300000000000004,
            "y":3.2200000000000004
        },
        "4":{
            "th":0,
            "x":2.8500000000000014,
            "y":2.0500000000000007
        },
        "5":{
            "th":0,
            "x":3.8000000000000007,
            "y":2.8500000000000014
        },
        "6":{
            "th":0,
            "x":5.15,
            "y":2.4000000000000004
        },
        "7":{
            "th":0,
            "x":5.200000000000001,
            "y":0.6000000000000014
        },
        "8":{
            "th":0,
            "x":3.4000000000000004,
            "y":0.7000000000000011
        },
        "9":{
            "th":0,
            "x":4,
            "y":-0.09999999999999964
        },
        "10":{
            "th":0,
            "x":4.200000000000001,
            "y":-0.8499999999999996
        },
        "11":{
            "th":0,
            "x":5.1,
            "y":-0.949999999999999
        },
        "12":{
            "th":0,
            "x":4.350000000000001,
            "y":-2.75
        },
        "13":{
            "th":0,
            "x":4.150000000000001,
            "y":-1.5999999999999993
        },
        "14":{
            "th":0,
            "x":3.1500000000000004,
            "y":-0.09999999999999964
        },
        "15":{
            "th":0,
            "x":2.0500000000000007,
            "y":0.8000000000000007
        },
        "16":{
            "th":0,
            "x":0.3500000000000014,
            "y":0.9000000000000004
        },
        "17":{
            "th":0,
            "x":-0.119999999999989,
            "y":0.56
        },
        "18":{
            "th":0,
            "x":-0.25,
            "y":-1.020000000000004
        },
        "19":{
            "th":0,
            "x":0.75,
            "y":-0.1999999999999993
        },
        "20":{
            "th":0,
            "x":1.9,
            "y":0.24
        }
    },
    "edges":[
        
        [0, 1],
        [1, 2],
        [2, 3],
        [0, 3],
        
        [5, 6],
        [6, 7],
        [7, 8],
        [5, 8],
        
        [10, 11],
        [11, 12],
        [12, 13],
        [10, 13],
        
        [15, 16],
        [16, 17],
        [17, 18],
        [18, 19],
        [19, 20],
        [15, 20],
        [16, 19],
        
        [3, 4],
        [0, 4],
        [4, 5],
        [5, 8],
        [8, 9],
        [7, 9],
        [9, 10],
        [13, 14],
        [14, 15],
        [10, 14],
        [4, 14],
        [0, 16],
        [0, 15]
    ]
}
