{
    "nodes": {
        "0":{
            "th":0,
            "x": 0.0,
            "y": 0.0
        },
        "1":{
            "th":0,
            "x":-0.5,
            "y":-0.5499999999999989
        },        
        "2":{
            "th":0,
            "x":0.5500000000000007,
            "y":-0.75
        },
        "3":{
            "th":0,
            "x":1.4000000000000004,
            "y":-0.34999999999999964
        },
        "4":{
            "th":0,
            "x":2.25,
            "y":-0.25
        },
        "5":{
            "th":0,
            "x":-0.1999999999999993,
            "y":0.5
        }
    },
    "edges": [
        [0, 1],
        [0, 2],
        [0, 4],
        [1, 2],
        [1, 3],
        [2, 3],
        [2, 4],
        [4, 5]
    ]
}
