{
   "regions":{
      "shelf-corner":{
          "origin":[
              0.500000000000007,
              2.0500000000000014,
              0
         ],
         "dimension":16,
         "resolution":0.25
      },
      "whiteboard-area":{
         "origin":[
            2.4000000000000004,
            -2.0999999999999996,
            0
         ],
         "dimension":16,
         "resolution":0.20937499999999998
      },
      "table-area":{
         "origin":[
            3.25,
            -3.3999999999999995,
            0
         ],
         "dimension":16,
         "resolution":0.25
      },
      "floor-area":{
         "origin":[
            3.0500000000000007,
            0.25,
            0
         ],
         "dimension":16,
         "resolution":0.2250000000000001
      }
   }
}
